text@uad1986m		3.97	10.9	Я никогда не понимал почему большим актерам / или режиссерам / так важны конкурсы
text@uad1986m		11.095	12.23	Ты это понимаешь
text@uad1986m		36.495	38.22	Широкое с высоким сравнить
text@uad1986m		39.01	39.32	мм
text@uad1986m		68.365	70.035	Потому что большой классный фильм
text@uad1986m		78.89	80.0	Легкий пофигизм
text@uad1986m		173.285	174.025	Рыдать
text@uad1986m		212.705	213.945	И ты рыдала
text@uad1986m		265.695	276.335	У тебя есть опыт или пример когда ты смотрела на чью-то игру либо в театре либо в кино и говорила вот это недостижимый уровень
text@uad1986m		276.785	277.995	А расскажи пожалуйста
text@uad1986m		313.58	316.71	Вторая дама это которая играла в Три Билборда Эббинга
text@uad1986m		317.095	318.035	А где она играла до этого
text@uad1986m		323.005	323.475	Аа
text@uad1986m		338.97	340.02	Таак а Мерил Стрип
words@uad1986m		3.97	4.465	Я
words@uad1986m		4.465	4.96	никогда
words@uad1986m		4.96	5.455	не
words@uad1986m		5.455	5.95	понимал
words@uad1986m		5.95	6.445	почему
words@uad1986m		6.445	6.94	большим
words@uad1986m		6.94	7.435	актерам
words@uad1986m		7.435	7.93	/
words@uad1986m		7.93	8.425	или
words@uad1986m		8.425	8.92	режиссерам
words@uad1986m		8.92	9.415	/
words@uad1986m		9.415	9.91	так
words@uad1986m		9.91	10.405	важны
words@uad1986m		10.405	10.9	конкурсы
words@uad1986m		11.095	11.473	Ты
words@uad1986m		11.473	11.851	это
words@uad1986m		11.851	12.23	понимаешь
words@uad1986m		36.495	36.926	Широкое
words@uad1986m		36.926	37.357	с
words@uad1986m		37.357	37.788	высоким
words@uad1986m		37.788	38.22	сравнить
words@uad1986m		39.01	39.32	мм
words@uad1986m		68.365	68.699	Потому
words@uad1986m		68.699	69.033	что
words@uad1986m		69.033	69.367	большой
words@uad1986m		69.367	69.701	классный
words@uad1986m		69.701	70.035	фильм
words@uad1986m		78.89	79.445	Легкий
words@uad1986m		79.445	80.0	пофигизм
words@uad1986m		173.285	174.025	Рыдать
words@uad1986m		212.705	213.118	И
words@uad1986m		213.118	213.531	ты
words@uad1986m		213.531	213.945	рыдала
words@uad1986m		265.695	266.138	У
words@uad1986m		266.138	266.581	тебя
words@uad1986m		266.581	267.024	есть
words@uad1986m		267.024	267.467	опыт
words@uad1986m		267.467	267.91	или
words@uad1986m		267.91	268.353	пример
words@uad1986m		268.353	268.796	когда
words@uad1986m		268.796	269.239	ты
words@uad1986m		269.239	269.682	смотрела
words@uad1986m		269.682	270.125	на
words@uad1986m		270.125	270.568	чью-то
words@uad1986m		270.568	271.011	игру
words@uad1986m		271.011	271.454	либо
words@uad1986m		271.454	271.897	в
words@uad1986m		271.897	272.34	театре
words@uad1986m		272.34	272.783	либо
words@uad1986m		272.783	273.226	в
words@uad1986m		273.226	273.669	кино
words@uad1986m		273.669	274.112	и
words@uad1986m		274.112	274.555	говорила
words@uad1986m		274.555	274.998	вот
words@uad1986m		274.998	275.441	это
words@uad1986m		275.441	275.884	недостижимый
words@uad1986m		275.884	276.335	уровень
words@uad1986m		276.785	277.188	А
words@uad1986m		277.188	277.591	расскажи
words@uad1986m		277.591	277.995	пожалуйста
words@uad1986m		313.58	313.927	Вторая
words@uad1986m		313.927	314.274	дама
words@uad1986m		314.274	314.621	это
words@uad1986m		314.621	314.968	которая
words@uad1986m		314.968	315.315	играла
words@uad1986m		315.315	315.662	в
words@uad1986m		315.662	316.009	Три
words@uad1986m		316.009	316.356	Билборда
words@uad1986m		316.356	316.71	Эббинга
words@uad1986m		317.095	317.251	А
words@uad1986m		317.251	317.407	где
words@uad1986m		317.407	317.563	она
words@uad1986m		317.563	317.719	играла
words@uad1986m		317.719	317.875	до
words@uad1986m		317.875	318.035	этого
words@uad1986m		323.005	323.475	Аа
words@uad1986m		338.97	339.232	Таак
words@uad1986m		339.232	339.494	а
words@uad1986m		339.494	339.756	Мерил
words@uad1986m		339.756	340.02	Стрип
text@iag1988f		12.205	17.095	Да я понимаю но / знаешь даже больше не конкурсы сколько награды *смеется*
text@iag1988f		17.94	22.83	У меня был опыт когда / был Кинотавра это вот во время Аритмии
text@iag1988f		22.885	36.405	Я вообще / я тебе говорила о том что я не люблю конкурсы / в плане вообще как / виды такого состязания среди творческих людей потому что я считаю что как бы ну невозможно реально выбрать лучшего то есть 
text@iag1988f		37.795	46.62	Ну как бы да ну то есть типо этот такой снял фильм этот такой и как можно сказать что типо чей фильм лучше то есть это все дело абсолютно вкуса
text@iag1988f		47.105	68.935	И я понимаю чтоо / в моей жизни произошел какой-то вообще самый волшебный момент что я увидела фильм / на фестивале я почувствовала какой-то ну нереальный восторг оттого что все в моей жизни вот реально все как будто бы сложилось и дальше типо у меня что-то может получиться может не получиться но типо / одна вот картина у меня уже есть вот все как бы
text@iag1988f		69.815	71.055	Да потому что это прям кино
text@iag1988f		71.965	73.155	#смеется#
text@iag1988f		73.34	79.73	И я с этим настроением в принципе и шла вот когда на церемонию вручения то есть я такая иду типо *нрзб*
text@iag1988f		79.86	90.93	Вообще типо думаю расслаблюсь потому что у меня все случилось мне ничего не надо мне не нужны никакие награды / я / у меня все хорошо / никто чтобы мне не говорил что я типо самая классная и прекрасная
text@iag1988f		91.435	99.355	И вот вот этот момент когда знаешь все нарядные / и ты сидишь и действительно и тебе как бы вот вот реально вот вроде бы по барабану все
text@iag1988f		100.865	117.155	И в тот момент когда / появляется человек с конвертом / и начинает его вскрывать ты чувствуешь вдруг в тебе начинает вот подходить что-то // э непонятное и ты так типо / и я понимаю что я так тихо тихо тихо я уже знаешь типо жду жду жду
text@iag1988f		118.335	122.575	И так тихо тихо тихо тихо и когда / а говорят не твою фамилию
text@iag1988f		123.115	153.555	То есть я понимаю что в этот момент я начинаю держать лицо что я начинаю держать мину то есть я прям начинаю улыбаться / радоваться за другую актрису а при этом у меня внутри абсолютное расстройство / тотальное расстройство то есть / минут пять назад // мне это было не нужно как бы то есть у меня типо все классно // прошло пять минут / конверт открывается называют  не твою фамилию / и я уже расстроена / и я уже / иду значит в гостиницу такая типо
text@iag1988f		154.295	173.265	Мне кто-то знаешь там вот это вот по плечу типо / Ир / вот / #нрзб# / ну как бы / ну вообще это / ну // и вообще вообще забудь про эти все награды / кому они нужны / ты классная актриса / и ты так / типо / хехе спасибо / да ребят ну конечно ну // ну бред бред / и ты идешь в гостиницу и начинаешь рыдать
text@iag1988f		174.985	182.07	Начинаешь рыдать как ребенок / потому что тебе не дали эту / эту заветную игрушку / эту куклу которую знаешь типо
text@iag1988f		182.57	184.96	А знаешь еще какое чувство тоже рождается
text@iag1988f		185.095	198.0	что типо / все больше никогда не будет / никогда никогда / мало того что / мне так фортануло что знаешь типо я снялась / в фильме так / теперь / ну / чтобы такое еще со мной произошло и меня там ну
text@iag1988f		198.995	212.625	не знаю там выделили или там я поехала на такой же кинофестиваль и меня отметили вот ощущение что типо больше никогда / что это последний был раз в твоей жизни и он не случился / то есть Золушка не превратилась в Золушку
text@iag1988f		213.745	216.125	я рыдала я рыдала но потом я ржала
text@iag1988f		216.595	229.04	потом я ржала и я не могу сказать что мне было стыдно но я потом ржала потому что / я прям увидела этого ребенка / и я такая думаю вот это //  вот это прикол / вот это прикол то есть насколько
text@iag1988f		229.885	231.225	все же внутри
text@iag1988f		231.995	256.02	насколько мы дети насколько мы // зависимы от // от поощрения от похвалы / особенно / с точки зрения именно / коллег и индустрии потому что одно дело когда тебя хвалят / зрители / или / родители / и ты как бы да / да / да но там / есть какая-то знаешь своя ну типо когорта / вот среди своих
text@iag1988f		276.145	276.755	Да
text@iag1988f		279.44	286.32	у меня вообще есть / две актрисы / которые для меня // ну можно так сказать путеводные / звезды
text@iag1988f		286.66	297.8	вот ээ / те актрисы на которых я смотрю ии / внутренне всегда / ээ / мне хочется на них равняться // этоо / Мерил Стрип // и Фрэнсис Макдорманд
text@iag1988f		298.32	313.41	то есть это / ээ / две абсолютно / живые / самобытные / талантливейшие актрисы вот / глядя на игру которых вот у меня прям порой / я такая типо // ну как бы // это невозможно повторить
text@iag1988f		315.71	317.0	да да д а да
text@iag1988f		318.54	324.92	слушай у нее очень много / фильмов / ну там "После прочтения сжечь" / ''Фарго'
text@iag1988f		325.047	338.857	с ней есть сериал называется / 'Что знает Оливия' / этоо / сериал из четырех серий / и мне кажется что там она сыграла гораздо круче чем даже в Биллбордах / то есть просто / прям / нереально круто / она сыграла там
text@iag1988f		340.157	378.837	слушай / Мерил Стрип мне кажется вообще какой фильм с ней ни возьмешь она настолько эталон качество / то есть типо актриса которая /  с молодости / идет вот так вот и первый фильм который для меня вот стал знаешь каким-то таким / с ней / ну как как бы / вот вот в этом фильме когда я ее увидела вот меня прям просто все я поняла что это это это вышак / это "Крамер против Крамера" / и там у нее вообще небольшая роль но / там есть пару сцен / которые ну глядя на которые ты просто их перематываешь чтобы пересматривать потому что ну то есть ее игра это ну
words@iag1988f		12.205	12.581	Да
words@iag1988f		12.581	12.957	я
words@iag1988f		12.957	13.333	понимаю
words@iag1988f		13.333	13.709	но
words@iag1988f		13.709	14.085	/
words@iag1988f		14.085	14.461	знаешь
words@iag1988f		14.461	14.837	даже
words@iag1988f		14.837	15.213	больше
words@iag1988f		15.213	15.589	не
words@iag1988f		15.589	15.965	конкурсы
words@iag1988f		15.965	16.341	сколько
words@iag1988f		16.341	16.717	награды
words@iag1988f		16.717	17.095	*смеется*
words@iag1988f		17.94	18.316	У
words@iag1988f		18.316	18.692	меня
words@iag1988f		18.692	19.068	был
words@iag1988f		19.068	19.444	опыт
words@iag1988f		19.444	19.82	когда
words@iag1988f		19.82	20.196	/
words@iag1988f		20.196	20.572	был
words@iag1988f		20.572	20.948	Кинотавра
words@iag1988f		20.948	21.324	это
words@iag1988f		21.324	21.7	вот
words@iag1988f		21.7	22.076	во
words@iag1988f		22.076	22.452	время
words@iag1988f		22.452	22.83	Аритмии
words@iag1988f		22.885	23.231	Я
words@iag1988f		23.231	23.577	вообще
words@iag1988f		23.577	23.923	/
words@iag1988f		23.923	24.269	я
words@iag1988f		24.269	24.615	тебе
words@iag1988f		24.615	24.961	говорила
words@iag1988f		24.961	25.307	о
words@iag1988f		25.307	25.653	том
words@iag1988f		25.653	25.999	что
words@iag1988f		25.999	26.345	я
words@iag1988f		26.345	26.691	не
words@iag1988f		26.691	27.037	люблю
words@iag1988f		27.037	27.383	конкурсы
words@iag1988f		27.383	27.729	/
words@iag1988f		27.729	28.075	в
words@iag1988f		28.075	28.421	плане
words@iag1988f		28.421	28.767	вообще
words@iag1988f		28.767	29.113	как
words@iag1988f		29.113	29.459	/
words@iag1988f		29.459	29.805	виды
words@iag1988f		29.805	30.151	такого
words@iag1988f		30.151	30.497	состязания
words@iag1988f		30.497	30.843	среди
words@iag1988f		30.843	31.189	творческих
words@iag1988f		31.189	31.535	людей
words@iag1988f		31.535	31.881	потому
words@iag1988f		31.881	32.227	что
words@iag1988f		32.227	32.573	я
words@iag1988f		32.573	32.919	считаю
words@iag1988f		32.919	33.265	что
words@iag1988f		33.265	33.611	как
words@iag1988f		33.611	33.957	бы
words@iag1988f		33.957	34.303	ну
words@iag1988f		34.303	34.649	невозможно
words@iag1988f		34.649	34.995	реально
words@iag1988f		34.995	35.341	выбрать
words@iag1988f		35.341	35.687	лучшего
words@iag1988f		35.687	36.033	то
words@iag1988f		36.033	36.405	есть
words@iag1988f		37.795	38.089	Ну
words@iag1988f		38.089	38.383	как
words@iag1988f		38.383	38.677	бы
words@iag1988f		38.677	38.971	да
words@iag1988f		38.971	39.265	ну
words@iag1988f		39.265	39.559	то
words@iag1988f		39.559	39.853	есть
words@iag1988f		39.853	40.147	типо
words@iag1988f		40.147	40.441	этот
words@iag1988f		40.441	40.735	такой
words@iag1988f		40.735	41.029	снял
words@iag1988f		41.029	41.323	фильм
words@iag1988f		41.323	41.617	этот
words@iag1988f		41.617	41.911	такой
words@iag1988f		41.911	42.205	и
words@iag1988f		42.205	42.499	как
words@iag1988f		42.499	42.793	можно
words@iag1988f		42.793	43.087	сказать
words@iag1988f		43.087	43.381	что
words@iag1988f		43.381	43.675	типо
words@iag1988f		43.675	43.969	чей
words@iag1988f		43.969	44.263	фильм
words@iag1988f		44.263	44.557	лучше
words@iag1988f		44.557	44.851	то
words@iag1988f		44.851	45.145	есть
words@iag1988f		45.145	45.439	это
words@iag1988f		45.439	45.733	все
words@iag1988f		45.733	46.027	дело
words@iag1988f		46.027	46.321	абсолютно
words@iag1988f		46.321	46.62	вкуса
words@iag1988f		47.105	47.44	И
words@iag1988f		47.44	47.775	я
words@iag1988f		47.775	48.11	понимаю
words@iag1988f		48.11	48.445	чтоо
words@iag1988f		48.445	48.78	/
words@iag1988f		48.78	49.115	в
words@iag1988f		49.115	49.45	моей
words@iag1988f		49.45	49.785	жизни
words@iag1988f		49.785	50.12	произошел
words@iag1988f		50.12	50.455	какой-то
words@iag1988f		50.455	50.79	вообще
words@iag1988f		50.79	51.125	самый
words@iag1988f		51.125	51.46	волшебный
words@iag1988f		51.46	51.795	момент
words@iag1988f		51.795	52.13	что
words@iag1988f		52.13	52.465	я
words@iag1988f		52.465	52.8	увидела
words@iag1988f		52.8	53.135	фильм
words@iag1988f		53.135	53.47	/
words@iag1988f		53.47	53.805	на
words@iag1988f		53.805	54.14	фестивале
words@iag1988f		54.14	54.475	я
words@iag1988f		54.475	54.81	почувствовала
words@iag1988f		54.81	55.145	какой-то
words@iag1988f		55.145	55.48	ну
words@iag1988f		55.48	55.815	нереальный
words@iag1988f		55.815	56.15	восторг
words@iag1988f		56.15	56.485	оттого
words@iag1988f		56.485	56.82	что
words@iag1988f		56.82	57.155	все
words@iag1988f		57.155	57.49	в
words@iag1988f		57.49	57.825	моей
words@iag1988f		57.825	58.16	жизни
words@iag1988f		58.16	58.495	вот
words@iag1988f		58.495	58.83	реально
words@iag1988f		58.83	59.165	все
words@iag1988f		59.165	59.5	как
words@iag1988f		59.5	59.835	будто
words@iag1988f		59.835	60.17	бы
words@iag1988f		60.17	60.505	сложилось
words@iag1988f		60.505	60.84	и
words@iag1988f		60.84	61.175	дальше
words@iag1988f		61.175	61.51	типо
words@iag1988f		61.51	61.845	у
words@iag1988f		61.845	62.18	меня
words@iag1988f		62.18	62.515	что-то
words@iag1988f		62.515	62.85	может
words@iag1988f		62.85	63.185	получиться
words@iag1988f		63.185	63.52	может
words@iag1988f		63.52	63.855	не
words@iag1988f		63.855	64.19	получиться
words@iag1988f		64.19	64.525	но
words@iag1988f		64.525	64.86	типо
words@iag1988f		64.86	65.195	/
words@iag1988f		65.195	65.53	одна
words@iag1988f		65.53	65.865	вот
words@iag1988f		65.865	66.2	картина
words@iag1988f		66.2	66.535	у
words@iag1988f		66.535	66.87	меня
words@iag1988f		66.87	67.205	уже
words@iag1988f		67.205	67.54	есть
words@iag1988f		67.54	67.875	вот
words@iag1988f		67.875	68.21	все
words@iag1988f		68.21	68.545	как
words@iag1988f		68.545	68.935	бы
words@iag1988f		69.815	70.021	Да
words@iag1988f		70.021	70.227	потому
words@iag1988f		70.227	70.433	что
words@iag1988f		70.433	70.639	это
words@iag1988f		70.639	70.845	прям
words@iag1988f		70.845	71.055	кино
words@iag1988f		71.965	73.155	#смеется#
words@iag1988f		73.34	73.644	И
words@iag1988f		73.644	73.948	я
words@iag1988f		73.948	74.252	с
words@iag1988f		74.252	74.556	этим
words@iag1988f		74.556	74.86	настроением
words@iag1988f		74.86	75.164	в
words@iag1988f		75.164	75.468	принципе
words@iag1988f		75.468	75.772	и
words@iag1988f		75.772	76.076	шла
words@iag1988f		76.076	76.38	вот
words@iag1988f		76.38	76.684	когда
words@iag1988f		76.684	76.988	на
words@iag1988f		76.988	77.292	церемонию
words@iag1988f		77.292	77.596	вручения
words@iag1988f		77.596	77.9	то
words@iag1988f		77.9	78.204	есть
words@iag1988f		78.204	78.508	я
words@iag1988f		78.508	78.812	такая
words@iag1988f		78.812	79.116	иду
words@iag1988f		79.116	79.42	типо
words@iag1988f		79.42	79.73	*нрзб*
words@iag1988f		79.86	80.143	Вообще
words@iag1988f		80.143	80.426	типо
words@iag1988f		80.426	80.709	думаю
words@iag1988f		80.709	80.992	расслаблюсь
words@iag1988f		80.992	81.275	потому
words@iag1988f		81.275	81.558	что
words@iag1988f		81.558	81.841	у
words@iag1988f		81.841	82.124	меня
words@iag1988f		82.124	82.407	все
words@iag1988f		82.407	82.69	случилось
words@iag1988f		82.69	82.973	мне
words@iag1988f		82.973	83.256	ничего
words@iag1988f		83.256	83.539	не
words@iag1988f		83.539	83.822	надо
words@iag1988f		83.822	84.105	мне
words@iag1988f		84.105	84.388	не
words@iag1988f		84.388	84.671	нужны
words@iag1988f		84.671	84.954	никакие
words@iag1988f		84.954	85.237	награды
words@iag1988f		85.237	85.52	/
words@iag1988f		85.52	85.803	я
words@iag1988f		85.803	86.086	/
words@iag1988f		86.086	86.369	у
words@iag1988f		86.369	86.652	меня
words@iag1988f		86.652	86.935	все
words@iag1988f		86.935	87.218	хорошо
words@iag1988f		87.218	87.501	/
words@iag1988f		87.501	87.784	никто
words@iag1988f		87.784	88.067	чтобы
words@iag1988f		88.067	88.35	мне
words@iag1988f		88.35	88.633	не
words@iag1988f		88.633	88.916	говорил
words@iag1988f		88.916	89.199	что
words@iag1988f		89.199	89.482	я
words@iag1988f		89.482	89.765	типо
words@iag1988f		89.765	90.048	самая
words@iag1988f		90.048	90.331	классная
words@iag1988f		90.331	90.614	и
words@iag1988f		90.614	90.93	прекрасная
words@iag1988f		91.435	91.717	И
words@iag1988f		91.717	91.999	вот
words@iag1988f		91.999	92.281	вот
words@iag1988f		92.281	92.563	этот
words@iag1988f		92.563	92.845	момент
words@iag1988f		92.845	93.127	когда
words@iag1988f		93.127	93.409	знаешь
words@iag1988f		93.409	93.691	все
words@iag1988f		93.691	93.973	нарядные
words@iag1988f		93.973	94.255	/
words@iag1988f		94.255	94.537	и
words@iag1988f		94.537	94.819	ты
words@iag1988f		94.819	95.101	сидишь
words@iag1988f		95.101	95.383	и
words@iag1988f		95.383	95.665	действительно
words@iag1988f		95.665	95.947	и
words@iag1988f		95.947	96.229	тебе
words@iag1988f		96.229	96.511	как
words@iag1988f		96.511	96.793	бы
words@iag1988f		96.793	97.075	вот
words@iag1988f		97.075	97.357	вот
words@iag1988f		97.357	97.639	реально
words@iag1988f		97.639	97.921	вот
words@iag1988f		97.921	98.203	вроде
words@iag1988f		98.203	98.485	бы
words@iag1988f		98.485	98.767	по
words@iag1988f		98.767	99.049	барабану
words@iag1988f		99.049	99.355	все
words@iag1988f		100.865	101.197	И
words@iag1988f		101.197	101.529	в
words@iag1988f		101.529	101.861	тот
words@iag1988f		101.861	102.193	момент
words@iag1988f		102.193	102.525	когда
words@iag1988f		102.525	102.857	/
words@iag1988f		102.857	103.189	появляется
words@iag1988f		103.189	103.521	человек
words@iag1988f		103.521	103.853	с
words@iag1988f		103.853	104.185	конвертом
words@iag1988f		104.185	104.517	/
words@iag1988f		104.517	104.849	и
words@iag1988f		104.849	105.181	начинает
words@iag1988f		105.181	105.513	его
words@iag1988f		105.513	105.845	вскрывать
words@iag1988f		105.845	106.177	ты
words@iag1988f		106.177	106.509	чувствуешь
words@iag1988f		106.509	106.841	вдруг
words@iag1988f		106.841	107.173	в
words@iag1988f		107.173	107.505	тебе
words@iag1988f		107.505	107.837	начинает
words@iag1988f		107.837	108.169	вот
words@iag1988f		108.169	108.501	подходить
words@iag1988f		108.501	108.833	что-то
words@iag1988f		108.833	109.165	/
words@iag1988f		109.165	109.497	/
words@iag1988f		109.497	109.829	э
words@iag1988f		109.829	110.161	непонятное
words@iag1988f		110.161	110.493	и
words@iag1988f		110.493	110.825	ты
words@iag1988f		110.825	111.157	так
words@iag1988f		111.157	111.489	типо
words@iag1988f		111.489	111.821	/
words@iag1988f		111.821	112.153	и
words@iag1988f		112.153	112.485	я
words@iag1988f		112.485	112.817	понимаю
words@iag1988f		112.817	113.149	что
words@iag1988f		113.149	113.481	я
words@iag1988f		113.481	113.813	так
words@iag1988f		113.813	114.145	тихо
words@iag1988f		114.145	114.477	тихо
words@iag1988f		114.477	114.809	тихо
words@iag1988f		114.809	115.141	я
words@iag1988f		115.141	115.473	уже
words@iag1988f		115.473	115.805	знаешь
words@iag1988f		115.805	116.137	типо
words@iag1988f		116.137	116.469	жду
words@iag1988f		116.469	116.801	жду
words@iag1988f		116.801	117.155	жду
words@iag1988f		118.335	118.637	И
words@iag1988f		118.637	118.939	так
words@iag1988f		118.939	119.241	тихо
words@iag1988f		119.241	119.543	тихо
words@iag1988f		119.543	119.845	тихо
words@iag1988f		119.845	120.147	тихо
words@iag1988f		120.147	120.449	и
words@iag1988f		120.449	120.751	когда
words@iag1988f		120.751	121.053	/
words@iag1988f		121.053	121.355	а
words@iag1988f		121.355	121.657	говорят
words@iag1988f		121.657	121.959	не
words@iag1988f		121.959	122.261	твою
words@iag1988f		122.261	122.575	фамилию
words@iag1988f		123.115	123.457	То
words@iag1988f		123.457	123.799	есть
words@iag1988f		123.799	124.141	я
words@iag1988f		124.141	124.483	понимаю
words@iag1988f		124.483	124.825	что
words@iag1988f		124.825	125.167	в
words@iag1988f		125.167	125.509	этот
words@iag1988f		125.509	125.851	момент
words@iag1988f		125.851	126.193	я
words@iag1988f		126.193	126.535	начинаю
words@iag1988f		126.535	126.877	держать
words@iag1988f		126.877	127.219	лицо
words@iag1988f		127.219	127.561	что
words@iag1988f		127.561	127.903	я
words@iag1988f		127.903	128.245	начинаю
words@iag1988f		128.245	128.587	держать
words@iag1988f		128.587	128.929	мину
words@iag1988f		128.929	129.271	то
words@iag1988f		129.271	129.613	есть
words@iag1988f		129.613	129.955	я
words@iag1988f		129.955	130.297	прям
words@iag1988f		130.297	130.639	начинаю
words@iag1988f		130.639	130.981	улыбаться
words@iag1988f		130.981	131.323	/
words@iag1988f		131.323	131.665	радоваться
words@iag1988f		131.665	132.007	за
words@iag1988f		132.007	132.349	другую
words@iag1988f		132.349	132.691	актрису
words@iag1988f		132.691	133.033	а
words@iag1988f		133.033	133.375	при
words@iag1988f		133.375	133.717	этом
words@iag1988f		133.717	134.059	у
words@iag1988f		134.059	134.401	меня
words@iag1988f		134.401	134.743	внутри
words@iag1988f		134.743	135.085	абсолютное
words@iag1988f		135.085	135.427	расстройство
words@iag1988f		135.427	135.769	/
words@iag1988f		135.769	136.111	тотальное
words@iag1988f		136.111	136.453	расстройство
words@iag1988f		136.453	136.795	то
words@iag1988f		136.795	137.137	есть
words@iag1988f		137.137	137.479	/
words@iag1988f		137.479	137.821	минут
words@iag1988f		137.821	138.163	пять
words@iag1988f		138.163	138.505	назад
words@iag1988f		138.505	138.847	/
words@iag1988f		138.847	139.189	/
words@iag1988f		139.189	139.531	мне
words@iag1988f		139.531	139.873	это
words@iag1988f		139.873	140.215	было
words@iag1988f		140.215	140.557	не
words@iag1988f		140.557	140.899	нужно
words@iag1988f		140.899	141.241	как
words@iag1988f		141.241	141.583	бы
words@iag1988f		141.583	141.925	то
words@iag1988f		141.925	142.267	есть
words@iag1988f		142.267	142.609	у
words@iag1988f		142.609	142.951	меня
words@iag1988f		142.951	143.293	типо
words@iag1988f		143.293	143.635	все
words@iag1988f		143.635	143.977	классно
words@iag1988f		143.977	144.319	/
words@iag1988f		144.319	144.661	/
words@iag1988f		144.661	145.003	прошло
words@iag1988f		145.003	145.345	пять
words@iag1988f		145.345	145.687	минут
words@iag1988f		145.687	146.029	/
words@iag1988f		146.029	146.371	конверт
words@iag1988f		146.371	146.713	открывается
words@iag1988f		146.713	147.055	называют
words@iag1988f		147.055	147.397	не
words@iag1988f		147.397	147.739	твою
words@iag1988f		147.739	148.081	фамилию
words@iag1988f		148.081	148.423	/
words@iag1988f		148.423	148.765	и
words@iag1988f		148.765	149.107	я
words@iag1988f		149.107	149.449	уже
words@iag1988f		149.449	149.791	расстроена
words@iag1988f		149.791	150.133	/
words@iag1988f		150.133	150.475	и
words@iag1988f		150.475	150.817	я
words@iag1988f		150.817	151.159	уже
words@iag1988f		151.159	151.501	/
words@iag1988f		151.501	151.843	иду
words@iag1988f		151.843	152.185	значит
words@iag1988f		152.185	152.527	в
words@iag1988f		152.527	152.869	гостиницу
words@iag1988f		152.869	153.211	такая
words@iag1988f		153.211	153.555	типо
words@iag1988f		154.295	154.554	Мне
words@iag1988f		154.554	154.813	кто-то
words@iag1988f		154.813	155.072	знаешь
words@iag1988f		155.072	155.331	там
words@iag1988f		155.331	155.59	вот
words@iag1988f		155.59	155.849	это
words@iag1988f		155.849	156.108	вот
words@iag1988f		156.108	156.367	по
words@iag1988f		156.367	156.626	плечу
words@iag1988f		156.626	156.885	типо
words@iag1988f		156.885	157.144	/
words@iag1988f		157.144	157.403	Ир
words@iag1988f		157.403	157.662	/
words@iag1988f		157.662	157.921	вот
words@iag1988f		157.921	158.18	/
words@iag1988f		158.18	158.439	#нрзб#
words@iag1988f		158.439	158.698	/
words@iag1988f		158.698	158.957	ну
words@iag1988f		158.957	159.216	как
words@iag1988f		159.216	159.475	бы
words@iag1988f		159.475	159.734	/
words@iag1988f		159.734	159.993	ну
words@iag1988f		159.993	160.252	вообще
words@iag1988f		160.252	160.511	это
words@iag1988f		160.511	160.77	/
words@iag1988f		160.77	161.029	ну
words@iag1988f		161.029	161.288	/
words@iag1988f		161.288	161.547	/
words@iag1988f		161.547	161.806	и
words@iag1988f		161.806	162.065	вообще
words@iag1988f		162.065	162.324	вообще
words@iag1988f		162.324	162.583	забудь
words@iag1988f		162.583	162.842	про
words@iag1988f		162.842	163.101	эти
words@iag1988f		163.101	163.36	все
words@iag1988f		163.36	163.619	награды
words@iag1988f		163.619	163.878	/
words@iag1988f		163.878	164.137	кому
words@iag1988f		164.137	164.396	они
words@iag1988f		164.396	164.655	нужны
words@iag1988f		164.655	164.914	/
words@iag1988f		164.914	165.173	ты
words@iag1988f		165.173	165.432	классная
words@iag1988f		165.432	165.691	актриса
words@iag1988f		165.691	165.95	/
words@iag1988f		165.95	166.209	и
words@iag1988f		166.209	166.468	ты
words@iag1988f		166.468	166.727	так
words@iag1988f		166.727	166.986	/
words@iag1988f		166.986	167.245	типо
words@iag1988f		167.245	167.504	/
words@iag1988f		167.504	167.763	хехе
words@iag1988f		167.763	168.022	спасибо
words@iag1988f		168.022	168.281	/
words@iag1988f		168.281	168.54	да
words@iag1988f		168.54	168.799	ребят
words@iag1988f		168.799	169.058	ну
words@iag1988f		169.058	169.317	конечно
words@iag1988f		169.317	169.576	ну
words@iag1988f		169.576	169.835	/
words@iag1988f		169.835	170.094	/
words@iag1988f		170.094	170.353	ну
words@iag1988f		170.353	170.612	бред
words@iag1988f		170.612	170.871	бред
words@iag1988f		170.871	171.13	/
words@iag1988f		171.13	171.389	и
words@iag1988f		171.389	171.648	ты
words@iag1988f		171.648	171.907	идешь
words@iag1988f		171.907	172.166	в
words@iag1988f		172.166	172.425	гостиницу
words@iag1988f		172.425	172.684	и
words@iag1988f		172.684	172.943	начинаешь
words@iag1988f		172.943	173.265	рыдать
words@iag1988f		174.985	175.322	Начинаешь
words@iag1988f		175.322	175.659	рыдать
words@iag1988f		175.659	175.996	как
words@iag1988f		175.996	176.333	ребенок
words@iag1988f		176.333	176.67	/
words@iag1988f		176.67	177.007	потому
words@iag1988f		177.007	177.344	что
words@iag1988f		177.344	177.681	тебе
words@iag1988f		177.681	178.018	не
words@iag1988f		178.018	178.355	дали
words@iag1988f		178.355	178.692	эту
words@iag1988f		178.692	179.029	/
words@iag1988f		179.029	179.366	эту
words@iag1988f		179.366	179.703	заветную
words@iag1988f		179.703	180.04	игрушку
words@iag1988f		180.04	180.377	/
words@iag1988f		180.377	180.714	эту
words@iag1988f		180.714	181.051	куклу
words@iag1988f		181.051	181.388	которую
words@iag1988f		181.388	181.725	знаешь
words@iag1988f		181.725	182.07	типо
words@iag1988f		182.57	182.911	А
words@iag1988f		182.911	183.252	знаешь
words@iag1988f		183.252	183.593	еще
words@iag1988f		183.593	183.934	какое
words@iag1988f		183.934	184.275	чувство
words@iag1988f		184.275	184.616	тоже
words@iag1988f		184.616	184.96	рождается
words@iag1988f		185.095	185.395	что
words@iag1988f		185.395	185.695	типо
words@iag1988f		185.695	185.995	/
words@iag1988f		185.995	186.295	все
words@iag1988f		186.295	186.595	больше
words@iag1988f		186.595	186.895	никогда
words@iag1988f		186.895	187.195	не
words@iag1988f		187.195	187.495	будет
words@iag1988f		187.495	187.795	/
words@iag1988f		187.795	188.095	никогда
words@iag1988f		188.095	188.395	никогда
words@iag1988f		188.395	188.695	/
words@iag1988f		188.695	188.995	мало
words@iag1988f		188.995	189.295	того
words@iag1988f		189.295	189.595	что
words@iag1988f		189.595	189.895	/
words@iag1988f		189.895	190.195	мне
words@iag1988f		190.195	190.495	так
words@iag1988f		190.495	190.795	фортануло
words@iag1988f		190.795	191.095	что
words@iag1988f		191.095	191.395	знаешь
words@iag1988f		191.395	191.695	типо
words@iag1988f		191.695	191.995	я
words@iag1988f		191.995	192.295	снялась
words@iag1988f		192.295	192.595	/
words@iag1988f		192.595	192.895	в
words@iag1988f		192.895	193.195	фильме
words@iag1988f		193.195	193.495	так
words@iag1988f		193.495	193.795	/
words@iag1988f		193.795	194.095	теперь
words@iag1988f		194.095	194.395	/
words@iag1988f		194.395	194.695	ну
words@iag1988f		194.695	194.995	/
words@iag1988f		194.995	195.295	чтобы
words@iag1988f		195.295	195.595	такое
words@iag1988f		195.595	195.895	еще
words@iag1988f		195.895	196.195	со
words@iag1988f		196.195	196.495	мной
words@iag1988f		196.495	196.795	произошло
words@iag1988f		196.795	197.095	и
words@iag1988f		197.095	197.395	меня
words@iag1988f		197.395	197.695	там
words@iag1988f		197.695	198.0	ну
words@iag1988f		198.995	199.319	не
words@iag1988f		199.319	199.643	знаю
words@iag1988f		199.643	199.967	там
words@iag1988f		199.967	200.291	выделили
words@iag1988f		200.291	200.615	или
words@iag1988f		200.615	200.939	там
words@iag1988f		200.939	201.263	я
words@iag1988f		201.263	201.587	поехала
words@iag1988f		201.587	201.911	на
words@iag1988f		201.911	202.235	такой
words@iag1988f		202.235	202.559	же
words@iag1988f		202.559	202.883	кинофестиваль
words@iag1988f		202.883	203.207	и
words@iag1988f		203.207	203.531	меня
words@iag1988f		203.531	203.855	отметили
words@iag1988f		203.855	204.179	вот
words@iag1988f		204.179	204.503	ощущение
words@iag1988f		204.503	204.827	что
words@iag1988f		204.827	205.151	типо
words@iag1988f		205.151	205.475	больше
words@iag1988f		205.475	205.799	никогда
words@iag1988f		205.799	206.123	/
words@iag1988f		206.123	206.447	что
words@iag1988f		206.447	206.771	это
words@iag1988f		206.771	207.095	последний
words@iag1988f		207.095	207.419	был
words@iag1988f		207.419	207.743	раз
words@iag1988f		207.743	208.067	в
words@iag1988f		208.067	208.391	твоей
words@iag1988f		208.391	208.715	жизни
words@iag1988f		208.715	209.039	и
words@iag1988f		209.039	209.363	он
words@iag1988f		209.363	209.687	не
words@iag1988f		209.687	210.011	случился
words@iag1988f		210.011	210.335	/
words@iag1988f		210.335	210.659	то
words@iag1988f		210.659	210.983	есть
words@iag1988f		210.983	211.307	Золушка
words@iag1988f		211.307	211.631	не
words@iag1988f		211.631	211.955	превратилась
words@iag1988f		211.955	212.279	в
words@iag1988f		212.279	212.625	Золушку
words@iag1988f		213.745	214.042	я
words@iag1988f		214.042	214.339	рыдала
words@iag1988f		214.339	214.636	я
words@iag1988f		214.636	214.933	рыдала
words@iag1988f		214.933	215.23	но
words@iag1988f		215.23	215.527	потом
words@iag1988f		215.527	215.824	я
words@iag1988f		215.824	216.125	ржала
words@iag1988f		216.595	216.884	потом
words@iag1988f		216.884	217.173	я
words@iag1988f		217.173	217.462	ржала
words@iag1988f		217.462	217.751	и
words@iag1988f		217.751	218.04	я
words@iag1988f		218.04	218.329	не
words@iag1988f		218.329	218.618	могу
words@iag1988f		218.618	218.907	сказать
words@iag1988f		218.907	219.196	что
words@iag1988f		219.196	219.485	мне
words@iag1988f		219.485	219.774	было
words@iag1988f		219.774	220.063	стыдно
words@iag1988f		220.063	220.352	но
words@iag1988f		220.352	220.641	я
words@iag1988f		220.641	220.93	потом
words@iag1988f		220.93	221.219	ржала
words@iag1988f		221.219	221.508	потому
words@iag1988f		221.508	221.797	что
words@iag1988f		221.797	222.086	/
words@iag1988f		222.086	222.375	я
words@iag1988f		222.375	222.664	прям
words@iag1988f		222.664	222.953	увидела
words@iag1988f		222.953	223.242	этого
words@iag1988f		223.242	223.531	ребенка
words@iag1988f		223.531	223.82	/
words@iag1988f		223.82	224.109	и
words@iag1988f		224.109	224.398	я
words@iag1988f		224.398	224.687	такая
words@iag1988f		224.687	224.976	думаю
words@iag1988f		224.976	225.265	вот
words@iag1988f		225.265	225.554	это
words@iag1988f		225.554	225.843	/
words@iag1988f		225.843	226.132	/
words@iag1988f		226.132	226.421	вот
words@iag1988f		226.421	226.71	это
words@iag1988f		226.71	226.999	прикол
words@iag1988f		226.999	227.288	/
words@iag1988f		227.288	227.577	вот
words@iag1988f		227.577	227.866	это
words@iag1988f		227.866	228.155	прикол
words@iag1988f		228.155	228.444	то
words@iag1988f		228.444	228.733	есть
words@iag1988f		228.733	229.04	насколько
words@iag1988f		229.885	230.331	все
words@iag1988f		230.331	230.777	же
words@iag1988f		230.777	231.225	внутри
words@iag1988f		231.995	232.376	насколько
words@iag1988f		232.376	232.757	мы
words@iag1988f		232.757	233.138	дети
words@iag1988f		233.138	233.519	насколько
words@iag1988f		233.519	233.9	мы
words@iag1988f		233.9	234.281	/
words@iag1988f		234.281	234.662	/
words@iag1988f		234.662	235.043	зависимы
words@iag1988f		235.043	235.424	от
words@iag1988f		235.424	235.805	/
words@iag1988f		235.805	236.186	/
words@iag1988f		236.186	236.567	от
words@iag1988f		236.567	236.948	поощрения
words@iag1988f		236.948	237.329	от
words@iag1988f		237.329	237.71	похвалы
words@iag1988f		237.71	238.091	/
words@iag1988f		238.091	238.472	особенно
words@iag1988f		238.472	238.853	/
words@iag1988f		238.853	239.234	с
words@iag1988f		239.234	239.615	точки
words@iag1988f		239.615	239.996	зрения
words@iag1988f		239.996	240.377	именно
words@iag1988f		240.377	240.758	/
words@iag1988f		240.758	241.139	коллег
words@iag1988f		241.139	241.52	и
words@iag1988f		241.52	241.901	индустрии
words@iag1988f		241.901	242.282	потому
words@iag1988f		242.282	242.663	что
words@iag1988f		242.663	243.044	одно
words@iag1988f		243.044	243.425	дело
words@iag1988f		243.425	243.806	когда
words@iag1988f		243.806	244.187	тебя
words@iag1988f		244.187	244.568	хвалят
words@iag1988f		244.568	244.949	/
words@iag1988f		244.949	245.33	зрители
words@iag1988f		245.33	245.711	/
words@iag1988f		245.711	246.092	или
words@iag1988f		246.092	246.473	/
words@iag1988f		246.473	246.854	родители
words@iag1988f		246.854	247.235	/
words@iag1988f		247.235	247.616	и
words@iag1988f		247.616	247.997	ты
words@iag1988f		247.997	248.378	как
words@iag1988f		248.378	248.759	бы
words@iag1988f		248.759	249.14	да
words@iag1988f		249.14	249.521	/
words@iag1988f		249.521	249.902	да
words@iag1988f		249.902	250.283	/
words@iag1988f		250.283	250.664	да
words@iag1988f		250.664	251.045	но
words@iag1988f		251.045	251.426	там
words@iag1988f		251.426	251.807	/
words@iag1988f		251.807	252.188	есть
words@iag1988f		252.188	252.569	какая-то
words@iag1988f		252.569	252.95	знаешь
words@iag1988f		252.95	253.331	своя
words@iag1988f		253.331	253.712	ну
words@iag1988f		253.712	254.093	типо
words@iag1988f		254.093	254.474	когорта
words@iag1988f		254.474	254.855	/
words@iag1988f		254.855	255.236	вот
words@iag1988f		255.236	255.617	среди
words@iag1988f		255.617	256.02	своих
words@iag1988f		276.145	276.755	Да
words@iag1988f		279.44	279.784	у
words@iag1988f		279.784	280.128	меня
words@iag1988f		280.128	280.472	вообще
words@iag1988f		280.472	280.816	есть
words@iag1988f		280.816	281.16	/
words@iag1988f		281.16	281.504	две
words@iag1988f		281.504	281.848	актрисы
words@iag1988f		281.848	282.192	/
words@iag1988f		282.192	282.536	которые
words@iag1988f		282.536	282.88	для
words@iag1988f		282.88	283.224	меня
words@iag1988f		283.224	283.568	/
words@iag1988f		283.568	283.912	/
words@iag1988f		283.912	284.256	ну
words@iag1988f		284.256	284.6	можно
words@iag1988f		284.6	284.944	так
words@iag1988f		284.944	285.288	сказать
words@iag1988f		285.288	285.632	путеводные
words@iag1988f		285.632	285.976	/
words@iag1988f		285.976	286.32	звезды
words@iag1988f		286.66	287.008	вот
words@iag1988f		287.008	287.356	ээ
words@iag1988f		287.356	287.704	/
words@iag1988f		287.704	288.052	те
words@iag1988f		288.052	288.4	актрисы
words@iag1988f		288.4	288.748	на
words@iag1988f		288.748	289.096	которых
words@iag1988f		289.096	289.444	я
words@iag1988f		289.444	289.792	смотрю
words@iag1988f		289.792	290.14	ии
words@iag1988f		290.14	290.488	/
words@iag1988f		290.488	290.836	внутренне
words@iag1988f		290.836	291.184	всегда
words@iag1988f		291.184	291.532	/
words@iag1988f		291.532	291.88	ээ
words@iag1988f		291.88	292.228	/
words@iag1988f		292.228	292.576	мне
words@iag1988f		292.576	292.924	хочется
words@iag1988f		292.924	293.272	на
words@iag1988f		293.272	293.62	них
words@iag1988f		293.62	293.968	равняться
words@iag1988f		293.968	294.316	/
words@iag1988f		294.316	294.664	/
words@iag1988f		294.664	295.012	этоо
words@iag1988f		295.012	295.36	/
words@iag1988f		295.36	295.708	Мерил
words@iag1988f		295.708	296.056	Стрип
words@iag1988f		296.056	296.404	/
words@iag1988f		296.404	296.752	/
words@iag1988f		296.752	297.1	и
words@iag1988f		297.1	297.448	Фрэнсис
words@iag1988f		297.448	297.8	Макдорманд
words@iag1988f		298.32	298.697	то
words@iag1988f		298.697	299.074	есть
words@iag1988f		299.074	299.451	это
words@iag1988f		299.451	299.828	/
words@iag1988f		299.828	300.205	ээ
words@iag1988f		300.205	300.582	/
words@iag1988f		300.582	300.959	две
words@iag1988f		300.959	301.336	абсолютно
words@iag1988f		301.336	301.713	/
words@iag1988f		301.713	302.09	живые
words@iag1988f		302.09	302.467	/
words@iag1988f		302.467	302.844	самобытные
words@iag1988f		302.844	303.221	/
words@iag1988f		303.221	303.598	талантливейшие
words@iag1988f		303.598	303.975	актрисы
words@iag1988f		303.975	304.352	вот
words@iag1988f		304.352	304.729	/
words@iag1988f		304.729	305.106	глядя
words@iag1988f		305.106	305.483	на
words@iag1988f		305.483	305.86	игру
words@iag1988f		305.86	306.237	которых
words@iag1988f		306.237	306.614	вот
words@iag1988f		306.614	306.991	у
words@iag1988f		306.991	307.368	меня
words@iag1988f		307.368	307.745	прям
words@iag1988f		307.745	308.122	порой
words@iag1988f		308.122	308.499	/
words@iag1988f		308.499	308.876	я
words@iag1988f		308.876	309.253	такая
words@iag1988f		309.253	309.63	типо
words@iag1988f		309.63	310.007	/
words@iag1988f		310.007	310.384	/
words@iag1988f		310.384	310.761	ну
words@iag1988f		310.761	311.138	как
words@iag1988f		311.138	311.515	бы
words@iag1988f		311.515	311.892	/
words@iag1988f		311.892	312.269	/
words@iag1988f		312.269	312.646	это
words@iag1988f		312.646	313.023	невозможно
words@iag1988f		313.023	313.41	повторить
words@iag1988f		315.71	315.968	да
words@iag1988f		315.968	316.226	да
words@iag1988f		316.226	316.484	д
words@iag1988f		316.484	316.742	а
words@iag1988f		316.742	317.0	да
words@iag1988f		318.54	318.965	слушай
words@iag1988f		318.965	319.39	у
words@iag1988f		319.39	319.815	нее
words@iag1988f		319.815	320.24	очень
words@iag1988f		320.24	320.665	много
words@iag1988f		320.665	321.09	/
words@iag1988f		321.09	321.515	фильмов
words@iag1988f		321.515	321.94	/
words@iag1988f		321.94	322.365	ну
words@iag1988f		322.365	322.79	там
words@iag1988f		322.79	323.215	"После
words@iag1988f		323.215	323.64	прочтения
words@iag1988f		323.64	324.065	сжечь"
words@iag1988f		324.065	324.49	/
words@iag1988f		324.49	324.92	''Фарго'
words@iag1988f		325.047	325.368	с
words@iag1988f		325.368	325.689	ней
words@iag1988f		325.689	326.01	есть
words@iag1988f		326.01	326.331	сериал
words@iag1988f		326.331	326.652	называется
words@iag1988f		326.652	326.973	/
words@iag1988f		326.973	327.294	'Что
words@iag1988f		327.294	327.615	знает
words@iag1988f		327.615	327.936	Оливия'
words@iag1988f		327.936	328.257	/
words@iag1988f		328.257	328.578	этоо
words@iag1988f		328.578	328.899	/
words@iag1988f		328.899	329.22	сериал
words@iag1988f		329.22	329.541	из
words@iag1988f		329.541	329.862	четырех
words@iag1988f		329.862	330.183	серий
words@iag1988f		330.183	330.504	/
words@iag1988f		330.504	330.825	и
words@iag1988f		330.825	331.146	мне
words@iag1988f		331.146	331.467	кажется
words@iag1988f		331.467	331.788	что
words@iag1988f		331.788	332.109	там
words@iag1988f		332.109	332.43	она
words@iag1988f		332.43	332.751	сыграла
words@iag1988f		332.751	333.072	гораздо
words@iag1988f		333.072	333.393	круче
words@iag1988f		333.393	333.714	чем
words@iag1988f		333.714	334.035	даже
words@iag1988f		334.035	334.356	в
words@iag1988f		334.356	334.677	Биллбордах
words@iag1988f		334.677	334.998	/
words@iag1988f		334.998	335.319	то
words@iag1988f		335.319	335.64	есть
words@iag1988f		335.64	335.961	просто
words@iag1988f		335.961	336.282	/
words@iag1988f		336.282	336.603	прям
words@iag1988f		336.603	336.924	/
words@iag1988f		336.924	337.245	нереально
words@iag1988f		337.245	337.566	круто
words@iag1988f		337.566	337.887	/
words@iag1988f		337.887	338.208	она
words@iag1988f		338.208	338.529	сыграла
words@iag1988f		338.529	338.857	там
words@iag1988f		340.157	340.502	слушай
words@iag1988f		340.502	340.847	/
words@iag1988f		340.847	341.192	Мерил
words@iag1988f		341.192	341.537	Стрип
words@iag1988f		341.537	341.882	мне
words@iag1988f		341.882	342.227	кажется
words@iag1988f		342.227	342.572	вообще
words@iag1988f		342.572	342.917	какой
words@iag1988f		342.917	343.262	фильм
words@iag1988f		343.262	343.607	с
words@iag1988f		343.607	343.952	ней
words@iag1988f		343.952	344.297	ни
words@iag1988f		344.297	344.642	возьмешь
words@iag1988f		344.642	344.987	она
words@iag1988f		344.987	345.332	настолько
words@iag1988f		345.332	345.677	эталон
words@iag1988f		345.677	346.022	качество
words@iag1988f		346.022	346.367	/
words@iag1988f		346.367	346.712	то
words@iag1988f		346.712	347.057	есть
words@iag1988f		347.057	347.402	типо
words@iag1988f		347.402	347.747	актриса
words@iag1988f		347.747	348.092	которая
words@iag1988f		348.092	348.437	/
words@iag1988f		348.437	348.782	с
words@iag1988f		348.782	349.127	молодости
words@iag1988f		349.127	349.472	/
words@iag1988f		349.472	349.817	идет
words@iag1988f		349.817	350.162	вот
words@iag1988f		350.162	350.507	так
words@iag1988f		350.507	350.852	вот
words@iag1988f		350.852	351.197	и
words@iag1988f		351.197	351.542	первый
words@iag1988f		351.542	351.887	фильм
words@iag1988f		351.887	352.232	который
words@iag1988f		352.232	352.577	для
words@iag1988f		352.577	352.922	меня
words@iag1988f		352.922	353.267	вот
words@iag1988f		353.267	353.612	стал
words@iag1988f		353.612	353.957	знаешь
words@iag1988f		353.957	354.302	каким-то
words@iag1988f		354.302	354.647	таким
words@iag1988f		354.647	354.992	/
words@iag1988f		354.992	355.337	с
words@iag1988f		355.337	355.682	ней
words@iag1988f		355.682	356.027	/
words@iag1988f		356.027	356.372	ну
words@iag1988f		356.372	356.717	как
words@iag1988f		356.717	357.062	как
words@iag1988f		357.062	357.407	бы
words@iag1988f		357.407	357.752	/
words@iag1988f		357.752	358.097	вот
words@iag1988f		358.097	358.442	вот
words@iag1988f		358.442	358.787	в
words@iag1988f		358.787	359.132	этом
words@iag1988f		359.132	359.477	фильме
words@iag1988f		359.477	359.822	когда
words@iag1988f		359.822	360.167	я
words@iag1988f		360.167	360.512	ее
words@iag1988f		360.512	360.857	увидела
words@iag1988f		360.857	361.202	вот
words@iag1988f		361.202	361.547	меня
words@iag1988f		361.547	361.892	прям
words@iag1988f		361.892	362.237	просто
words@iag1988f		362.237	362.582	все
words@iag1988f		362.582	362.927	я
words@iag1988f		362.927	363.272	поняла
words@iag1988f		363.272	363.617	что
words@iag1988f		363.617	363.962	это
words@iag1988f		363.962	364.307	это
words@iag1988f		364.307	364.652	это
words@iag1988f		364.652	364.997	вышак
words@iag1988f		364.997	365.342	/
words@iag1988f		365.342	365.687	это
words@iag1988f		365.687	366.032	"Крамер
words@iag1988f		366.032	366.377	против
words@iag1988f		366.377	366.722	Крамера"
words@iag1988f		366.722	367.067	/
words@iag1988f		367.067	367.412	и
words@iag1988f		367.412	367.757	там
words@iag1988f		367.757	368.102	у
words@iag1988f		368.102	368.447	нее
words@iag1988f		368.447	368.792	вообще
words@iag1988f		368.792	369.137	небольшая
words@iag1988f		369.137	369.482	роль
words@iag1988f		369.482	369.827	но
words@iag1988f		369.827	370.172	/
words@iag1988f		370.172	370.517	там
words@iag1988f		370.517	370.862	есть
words@iag1988f		370.862	371.207	пару
words@iag1988f		371.207	371.552	сцен
words@iag1988f		371.552	371.897	/
words@iag1988f		371.897	372.242	которые
words@iag1988f		372.242	372.587	ну
words@iag1988f		372.587	372.932	глядя
words@iag1988f		372.932	373.277	на
words@iag1988f		373.277	373.622	которые
words@iag1988f		373.622	373.967	ты
words@iag1988f		373.967	374.312	просто
words@iag1988f		374.312	374.657	их
words@iag1988f		374.657	375.002	перематываешь
words@iag1988f		375.002	375.347	чтобы
words@iag1988f		375.347	375.692	пересматривать
words@iag1988f		375.692	376.037	потому
words@iag1988f		376.037	376.382	что
words@iag1988f		376.382	376.727	ну
words@iag1988f		376.727	377.072	то
words@iag1988f		377.072	377.417	есть
words@iag1988f		377.417	377.762	ее
words@iag1988f		377.762	378.107	игра
words@iag1988f		378.107	378.452	это
words@iag1988f		378.452	378.837	ну
gestures@uad1986m		9.686	11.686	протягивает руку вверх ладонью
gestures@uad1986m		78.89	80.0	трясет рукой
gestures@uad1986m		99.839	102.856	поглаживает несуществующую бороду
gestures@uad1986m		113.391	115.552	отгоняет насекомого
gestures@uad1986m		209.108	209.373	достает руку из икармана
gestures@uad1986m		212.381	214.394	протягивает руку, указывая
gestures@uad1986m		214.786	218.103	почесывает голову
gestures@uad1986m		267.642	272.125	подергивает руками и склыдвает их в замочек
gestures@uad1986m		273.655	277.207	указывает пальцем
gestures@uad1986m		286.716	289.625	поправляет капюшон
gestures@uad1986m		311.177	312.764	поправляет кольцо
gestures@uad1986m		312.856	316.886	указывает на Ирину, обращаясь к ней
gestures@uad1986m		329.147	331.651	облакачивается на скамейку
gestMeaning@uad1986m		9.686	11.686	жест для подчеркивания слова
gestMeaning@uad1986m		78.89	80.0	акцент на слово "легкий"
gestMeaning@uad1986m		99.839	102.856	чтобы занять руки и показать интерес
gestMeaning@uad1986m		113.391	115.552	забота
gestMeaning@uad1986m		209.108	209.373	для дальнейшего жеста
gestMeaning@uad1986m		212.381	214.394	акцент на слово "рыдала"
gestMeaning@uad1986m		214.786	218.103	чешется голова
gestMeaning@uad1986m		267.642	272.125	гиперболизация слов
gestMeaning@uad1986m		273.655	277.207	акцентирование внимания
gestMeaning@uad1986m		311.177	312.764	чтобы занять руки
gestMeaning@uad1986m		312.856	316.886	акцентирование внимания
gestMeaning@uad1986m		329.147	331.651	удобство
gestures@iag1988f		21.043	22.377	протягивает руку ладонью вверх
gestures@iag1988f		26.307	28.042	крутит руками
gestures@iag1988f		29.725	30.738	крутит руками
gestures@iag1988f		36.547	37.642	разводит руками
gestures@iag1988f		38.173	40.03	шире разводит руками и указывает ими в право
gestures@iag1988f		50.429	51.859	чешет нос
gestures@iag1988f		61.399	71.262	разводит руками, указывает в разные стороны, тряся указывает вперед
gestures@iag1988f		78.668	84.404	разводит руки юбочкой
gestures@iag1988f		85.995	87.06	поднимает и опускает руки
gestures@iag1988f		87.877	90.373	потрясывает руками
gestures@iag1988f		92.678	94.052	разводит руки от себя вниз
gestures@iag1988f		102.921	104.386	поднимает руки к себе ладонями вверх
gestures@iag1988f		112.855	116.173	обращает руки к себе и отмахивается от насекомого
gestures@iag1988f		118.382	120.003	трясет руками вниз
gestures@iag1988f		135.069	136.325	поднимает и опускает разведенные руки
gestures@iag1988f		137.342	143.842	разводит руки и потрясывает ими
gestures@iag1988f		145.542	146.821	круговые движения рукой
gestures@iag1988f		154.664	156.617	имитирует похлопывания по плечу
gestures@iag1988f		156.946	158.033	к сердцу
gestures@iag1988f		160.021	161.295	указывает пальцами на Юрия
gestures@iag1988f		161.643	163.517	разводит руками и как бы бросает
gestures@iag1988f		165.091	166.395	подбрасывание рук
gestures@iag1988f		168.377	169.042	разводит плечи
gestures@iag1988f		169.13	169.865	отмахивается
gestures@iag1988f		172.755	174.355	отклоняется
gestures@iag1988f		175.547	177.891	поднимает и опускает руки
gestures@iag1988f		180.186	182.999	якобы держит что-то
gestures@iag1988f		187.712	188.786	
gestures@iag1988f		190.169	193.599	разводит и собирает руки
gestures@iag1988f		195.512	196.538	круговое движение руками
gestures@iag1988f		199.082	209.659	круговые движения руками и перекрещивание рук
gestures@iag1988f		213.377	214.438	указывает рукой
gestures@iag1988f		224.408	230.028	поглаживает подбородок
gestures@iag1988f		230.034	234.081	указывает кистью на себя
gestures@iag1988f		235.025	239.739	круговые движения кистью
gestures@iag1988f		247.938	249.49	отводит рукой в сторону
gestures@iag1988f		251.86	255.356	отводит и указывает обеими руками в сторону
gestures@iag1988f		280.381	281.594	двигает кистью
gestures@iag1988f		284.838	285.951	поднимает руку
gestures@iag1988f		291.882	293.952	круговые движения кистью
gestures@iag1988f		299.742	302.808	круговые движения кистью
gestures@iag1988f		310.556	311.378	разводит руками
gestures@iag1988f		328.386	330.612	поднимает руку и немного ей трясет
gestures@iag1988f		346.747	347.49	поворот кисти
gestures@iag1988f		347.925	348.994	обращение рукой к Юрию
gestures@iag1988f		350.365	351.678	отводит руку в даль
gestures@iag1988f		357.416	358.973	указывает пальцем
gestures@iag1988f		359.573	360.847	движение руки к себе и от себя
gestures@iag1988f		361.765	362.852	поднимает и опускает руку
gestures@iag1988f		372.778	374.321	круговые движения рукой
gestMeaning@iag1988f		21.043	22.377	акцентирование внимания
gestMeaning@iag1988f		26.307	28.042	для образности
gestMeaning@iag1988f		29.725	30.738	для образности
gestMeaning@iag1988f		36.547	37.642	неуверенность
gestMeaning@iag1988f		38.173	40.03	акцентирование внимания
gestMeaning@iag1988f		50.429	51.859	чешется нос
gestMeaning@iag1988f		61.399	71.262	акцентирование внимания и для образности
gestMeaning@iag1988f		78.668	84.404	акцентирование внимания и жест расслаббления
gestMeaning@iag1988f		85.995	87.06	для образности
gestMeaning@iag1988f		87.877	90.373	для образности
gestMeaning@iag1988f		92.678	94.052	акцентирование внимания
gestMeaning@iag1988f		102.921	104.386	имитирует конверт
gestMeaning@iag1988f		112.855	116.173	жест успокоения
gestMeaning@iag1988f		118.382	120.003	 "успокойся"
gestMeaning@iag1988f		135.069	136.325	показать размеры
gestMeaning@iag1988f		137.342	143.842	для образности
gestMeaning@iag1988f		145.542	146.821	имитирует открывание конверта
gestMeaning@iag1988f		154.664	156.617	хлопает по плечу
gestMeaning@iag1988f		156.946	158.033	"лично"
gestMeaning@iag1988f		160.021	161.295	для образности, жест пистолетиков
gestMeaning@iag1988f		161.643	163.517	для образности
gestMeaning@iag1988f		165.091	166.395	акцентирование внимания
gestMeaning@iag1988f		168.377	169.042	"ну конечно"
gestMeaning@iag1988f		169.13	169.865	отмашка
gestMeaning@iag1988f		172.755	174.355	от смеха
gestMeaning@iag1988f		175.547	177.891	для образности
gestMeaning@iag1988f		180.186	182.999	имитирует движение
gestMeaning@iag1988f		190.169	193.599	акцентирование внимания
gestMeaning@iag1988f		195.512	196.538	для образности
gestMeaning@iag1988f		199.082	209.659	акцентирование внимания
gestMeaning@iag1988f		213.377	214.438	акцентирование внимания
gestMeaning@iag1988f		224.408	230.028	имитация
gestMeaning@iag1988f		230.034	234.081	акцентирование внимания
gestMeaning@iag1988f		235.025	239.739	жесть перечисления
gestMeaning@iag1988f		247.938	249.49	жест "например"
gestMeaning@iag1988f		251.86	255.356	жест указания на что-то
gestMeaning@iag1988f		280.381	281.594	акцентирование внимания
gestMeaning@iag1988f		284.838	285.951	для образности
gestMeaning@iag1988f		291.882	293.952	акцентирование внимания
gestMeaning@iag1988f		299.742	302.808	жест перечисления
gestMeaning@iag1988f		310.556	311.378	для образности
gestMeaning@iag1988f		328.386	330.612	акцентирование внимания
gestMeaning@iag1988f		346.747	347.49	акцентирование внимания
gestMeaning@iag1988f		347.925	348.994	жест обращения
gestMeaning@iag1988f		350.365	351.678	показывание направления
gestMeaning@iag1988f		357.416	358.973	указание на что-тто определенное
gestMeaning@iag1988f		359.573	360.847	жест "все"
gestMeaning@iag1988f		361.765	362.852	жест для указания высоты
gestMeaning@iag1988f		372.778	374.321	показывает перемотку
intonation@uad1986m		3.97	10.9	нарратив
intonation@uad1986m		11.095	12.23	вопрос - да/нет
intonation@uad1986m		36.495	38.22	продолжение реплики 
intonation@uad1986m		39.01	39.32	неясно
intonation@uad1986m		68.365	70.035	нарратив
intonation@uad1986m		78.89	80.0	нарратив
intonation@uad1986m		173.285	174.025	восклицание
intonation@uad1986m		212.705	213.945	вопрос уточнение
intonation@uad1986m		265.695	276.335	вопрос специальный
intonation@uad1986m		276.785	277.995	просьба
intonation@uad1986m		313.58	316.71	вопрос - да/нет
intonation@uad1986m		317.095	318.035	вопрос специальный
intonation@uad1986m		323.005	323.475	неясно
intonation@uad1986m		338.97	340.02	вопрос специальный
intonation@iag1988f		12.205	17.095	контраст, ответ
intonation@iag1988f		17.94	22.83	нарратив
intonation@iag1988f		22.885	36.405	нарратив
intonation@iag1988f		37.795	46.62	нарратив
intonation@iag1988f		47.105	68.935	нарратив
intonation@iag1988f		69.815	71.055	ответ нарратив
intonation@iag1988f		73.34	79.73	нарратив
intonation@iag1988f		79.86	90.93	нарратив
intonation@iag1988f		91.435	99.355	нарратив
intonation@iag1988f		100.865	117.155	нарратив
intonation@iag1988f		118.335	122.575	нарратив
intonation@iag1988f		123.115	153.555	нарратив
intonation@iag1988f		154.295	173.265	нарратив
intonation@iag1988f		174.985	182.07	нарратив восклицание
intonation@iag1988f		182.57	184.96	риторический вопрос
intonation@iag1988f		185.095	198.0	нарратив
intonation@iag1988f		198.995	212.625	нарратив
intonation@iag1988f		213.745	216.125	восклицание
intonation@iag1988f		216.595	229.04	нарратив
intonation@iag1988f		229.885	231.225	нарратив
intonation@iag1988f		231.995	256.02	нарратив
intonation@iag1988f		276.145	276.755	ответ на вопрос - да/нет
intonation@iag1988f		279.44	286.32	нарратив
intonation@iag1988f		286.66	297.8	нарратив
intonation@iag1988f		298.32	313.41	нарратив
intonation@iag1988f		315.71	317.0	восклицание
intonation@iag1988f		318.54	324.92	контраст
intonation@iag1988f		325.047	338.857	нарратив
intonation@iag1988f		340.157	378.837	нарратив
